group,channel,band,mean_signed_relevance,median_signed_relevance,mean_absolute_relevance,median_absolute_relevance
A+P+,C3,alpha,-0.015827132,-0.014152985,0.23235846,0.2473146
A+P+,C3,beta,0.08831675,0.08688709,0.23137191,0.23239422
A+P+,C3,delta,0.2369207,0.23721293,0.30315202,0.31896716
A+P+,C3,gamma,-0.12153377,-0.12246851,0.23962323,0.24247646
A+P+,C3,theta,0.15518305,0.13468154,0.21181165,0.19491978
A+P+,C4,alpha,-0.071585655,-0.071658015,0.24254471,0.2566234
A+P+,C4,beta,-0.07670709,-0.08166979,0.2303878,0.24004605
A+P+,C4,delta,-0.05871167,-0.05795177,0.24256442,0.25269338
A+P+,C4,gamma,-0.020455463,-0.03351602,0.30624264,0.27188548
A+P+,C4,theta,0.1102901,0.07483964,0.24569196,0.2289469
A+P+,Cz,alpha,0.13626133,0.13965915,0.31974727,0.32154393
A+P+,Cz,beta,0.10580949,0.11041461,0.31929827,0.3142192
A+P+,Cz,delta,0.026443232,0.03241274,0.22683048,0.23745292
A+P+,Cz,gamma,0.0623751,0.06351381,0.2338808,0.24129549
A+P+,Cz,theta,-0.12244639,-0.12697658,0.23373918,0.22210878
A+P+,F3,alpha,-0.1025847,-0.104768574,0.2603883,0.27262363
A+P+,F3,beta,0.05314425,0.047689468,0.19580361,0.19728626
A+P+,F3,delta,-0.1196695,-0.10346351,0.28828382,0.29535168
A+P+,F3,gamma,-0.030893581,-0.028014272,0.16844375,0.16170755
A+P+,F3,theta,0.07107046,0.04073812,0.23231618,0.21522716
A+P+,F4,alpha,-0.06849,-0.08452318,0.28449887,0.30972573
A+P+,F4,beta,0.008441967,0.010657615,0.21755645,0.22176358
A+P+,F4,delta,-0.115495175,-0.13513106,0.24096662,0.25533372
A+P+,F4,gamma,0.036736514,0.01516391,0.20430313,0.19107336
A+P+,F4,theta,0.07383216,0.0657882,0.25048208,0.23541802
A+P+,F7,alpha,-0.16238254,-0.16145636,0.3817001,0.3866567
A+P+,F7,beta,-0.3635189,-0.36337805,0.42062053,0.43271112
A+P+,F7,delta,-0.016398348,-0.038609177,0.31792685,0.32218415
A+P+,F7,gamma,-0.18736859,-0.181721,0.27097097,0.24274549
A+P+,F7,theta,-0.29369432,-0.32653624,0.5454073,0.52774465
A+P+,F8,alpha,0.051925562,0.052602164,0.24535108,0.24952927
A+P+,F8,beta,-0.2987937,-0.28514725,0.39346045,0.36788034
A+P+,F8,delta,-0.16112861,-0.1799425,0.29090217,0.28267637
A+P+,F8,gamma,0.025793256,-0.025078788,0.23454233,0.19823506
A+P+,F8,theta,-0.047535583,-0.07160708,0.27616897,0.26643148
A+P+,Fp1,alpha,-0.1563172,-0.1580823,0.30758464,0.32051226
A+P+,Fp1,beta,-0.06019384,-0.06414801,0.26417992,0.26397187
A+P+,Fp1,delta,0.18675402,0.1793895,0.2755219,0.28702432
A+P+,Fp1,gamma,-0.15031457,-0.14835134,0.26264435,0.24694064
A+P+,Fp1,theta,0.03383571,0.024445474,0.18901882,0.18345629
A+P+,Fp2,alpha,-0.20995206,-0.21012011,0.3254957,0.33537254
A+P+,Fp2,beta,0.05393248,0.05837694,0.30970743,0.31566668
A+P+,Fp2,delta,0.14472166,0.14802629,0.25948706,0.2649865
A+P+,Fp2,gamma,-0.12284476,-0.09757381,0.2618763,0.23171073
A+P+,Fp2,theta,-0.11178745,-0.11900203,0.21720697,0.21856721
A+P+,Fz,alpha,-0.06289744,-0.070378646,0.27718082,0.27807426
A+P+,Fz,beta,-0.029580234,-0.03639103,0.29608202,0.2986585
A+P+,Fz,delta,-0.113879085,-0.11570251,0.26201925,0.269596
A+P+,Fz,gamma,-0.05429053,-0.030566458,0.23864248,0.24515843
A+P+,Fz,theta,0.12650171,0.11127359,0.2687891,0.24961069
A+P+,O1,alpha,-0.22978863,-0.23074725,0.3684405,0.39239585
A+P+,O1,beta,-0.030474516,-0.035009746,0.27792144,0.26411945
A+P+,O1,delta,0.15297005,0.15993677,0.24319707,0.258752
A+P+,O1,gamma,-0.36719504,-0.4160471,0.44052514,0.48231143
A+P+,O1,theta,0.03675928,0.028415997,0.22456694,0.23299724
A+P+,O2,alpha,-0.2569408,-0.27736688,0.35854584,0.3675949
A+P+,O2,beta,-0.03683475,-0.051894654,0.31399918,0.30170608
A+P+,O2,delta,0.46944073,0.4931407,0.505133,0.5401807
A+P+,O2,gamma,-0.07021664,-0.074583694,0.26914275,0.2858856
A+P+,O2,theta,0.20575383,0.20001277,0.29876062,0.31656253
A+P+,P3,alpha,-0.12574637,-0.118985035,0.29689205,0.3083532
A+P+,P3,beta,-0.08432965,-0.08011602,0.23392807,0.23385867
A+P+,P3,delta,0.009629991,-0.0029736825,0.19847384,0.20770897
A+P+,P3,gamma,0.10009096,0.10612167,0.23913117,0.24821289
A+P+,P3,theta,-0.023947392,-0.039347805,0.311177,0.2914195
A+P+,P4,alpha,-0.016063139,-0.01530652,0.25052857,0.25504678
A+P+,P4,beta,-0.36529815,-0.3553111,0.45054275,0.4492039
A+P+,P4,delta,0.004344489,0.015410354,0.22961302,0.23467931
A+P+,P4,gamma,0.12663424,0.10528199,0.24481116,0.22263658
A+P+,P4,theta,-0.055426788,-0.074400544,0.29312032,0.2615338
A+P+,Pz,alpha,-0.03799508,-0.032587297,0.25609338,0.2656799
A+P+,Pz,beta,-0.030796837,-0.038752157,0.22524998,0.21335384
A+P+,Pz,delta,-0.18086171,-0.19001512,0.29649377,0.3163765
A+P+,Pz,gamma,-0.0039522983,-0.0036086566,0.21178563,0.19311193
A+P+,Pz,theta,-0.22814557,-0.22236454,0.33085,0.33364064
A+P-,C3,alpha,-0.023362841,-0.014328812,0.2424349,0.25038767
A+P-,C3,beta,0.08234561,0.08562797,0.23310848,0.24182256
A+P-,C3,delta,0.2227363,0.22321609,0.28075787,0.2870164
A+P-,C3,gamma,-0.12853742,-0.14322852,0.25000262,0.24198085
A+P-,C3,theta,0.13832603,0.12100183,0.19642675,0.17321691
A+P-,C4,alpha,-0.08012892,-0.07694271,0.2585543,0.2668157
A+P-,C4,beta,-0.07927645,-0.076467216,0.23921755,0.24682936
A+P-,C4,delta,-0.0520345,-0.04855566,0.22690067,0.22002119
A+P-,C4,gamma,-0.034708016,-0.04318685,0.30118403,0.29379135
A+P-,C4,theta,0.10951233,0.10540133,0.25123537,0.2544592
A+P-,Cz,alpha,0.12575066,0.123576455,0.31758657,0.32056808
A+P-,Cz,beta,0.074161604,0.060357735,0.32082713,0.32708597
A+P-,Cz,delta,0.03584259,0.04487975,0.21256857,0.20883587
A+P-,Cz,gamma,0.07607098,0.068211436,0.24844861,0.26418233
A+P-,Cz,theta,-0.1285041,-0.12306962,0.23551343,0.23522331
A+P-,F3,alpha,-0.10732878,-0.10396759,0.27637216,0.28607312
A+P-,F3,beta,0.04351958,0.035188027,0.19556098,0.19448762
A+P-,F3,delta,-0.119340606,-0.11474553,0.26823375,0.25782755
A+P-,F3,gamma,-0.03215981,-0.034563303,0.1697647,0.15995057
A+P-,F3,theta,0.03962149,0.030838776,0.2071792,0.21080853
A+P-,F4,alpha,-0.096887,-0.122611895,0.3087804,0.32722542
A+P-,F4,beta,0.0073411707,0.004728581,0.2221769,0.22691989
A+P-,F4,delta,-0.10325414,-0.1092184,0.22067347,0.2256912
A+P-,F4,gamma,0.043255504,0.004644806,0.21319084,0.1820106
A+P-,F4,theta,0.048026804,0.04364422,0.22745383,0.22525412
A+P-,F7,alpha,-0.1607776,-0.17154017,0.3854454,0.39414233
A+P-,F7,beta,-0.3854629,-0.3865435,0.44048238,0.44724476
A+P-,F7,delta,-0.03498146,-0.040032078,0.30775112,0.326909
A+P-,F7,gamma,-0.20470469,-0.21037024,0.28542766,0.27015296
A+P-,F7,theta,-0.34494522,-0.3578744,0.54163074,0.55567634
A+P-,F8,alpha,0.038411327,0.03821034,0.25909716,0.26456478
A+P-,F8,beta,-0.316636,-0.3365853,0.41402322,0.42251128
A+P-,F8,delta,-0.16723078,-0.17866822,0.2838436,0.30276078
A+P-,F8,gamma,0.007334215,-0.017444124,0.22819217,0.19535023
A+P-,F8,theta,-0.08527352,-0.09676197,0.26436397,0.26365227
A+P-,Fp1,alpha,-0.15979601,-0.16167371,0.33207795,0.34255403
A+P-,Fp1,beta,-0.08332373,-0.10019401,0.28954118,0.30716383
A+P-,Fp1,delta,0.17327692,0.17632712,0.2518398,0.26064086
A+P-,Fp1,gamma,-0.16396126,-0.16770163,0.2763036,0.28585207
A+P-,Fp1,theta,0.028044166,0.021776445,0.18682481,0.1855466
A+P-,Fp2,alpha,-0.24121737,-0.24904376,0.36843464,0.38470745
A+P-,Fp2,beta,0.03695917,0.040227503,0.32562402,0.33117217
A+P-,Fp2,delta,0.13829285,0.13685565,0.24094121,0.2571703
A+P-,Fp2,gamma,-0.13559465,-0.120193854,0.2524526,0.23897853
A+P-,Fp2,theta,-0.10384785,-0.09541197,0.21311434,0.21111833
A+P-,Fz,alpha,-0.086446516,-0.088798985,0.29875264,0.32157722
A+P-,Fz,beta,-0.03518016,-0.044407755,0.2928585,0.2946614
A+P-,Fz,delta,-0.10650399,-0.09071794,0.23222779,0.22429463
A+P-,Fz,gamma,-0.050017,-0.025717387,0.23967424,0.24434279
A+P-,Fz,theta,0.08370771,0.07745896,0.23078561,0.2401478
A+P-,O1,alpha,-0.23662955,-0.23146036,0.38841513,0.394303
A+P-,O1,beta,-0.03864755,-0.045418132,0.2682782,0.27700216
A+P-,O1,delta,0.13616326,0.13478585,0.21954952,0.22363815
A+P-,O1,gamma,-0.33998165,-0.42889887,0.41408384,0.48448318
A+P-,O1,theta,0.022730438,0.017095173,0.22002062,0.22990087
A+P-,O2,alpha,-0.2954066,-0.30222538,0.404296,0.41157418
A+P-,O2,beta,-0.048318833,-0.05690445,0.30864024,0.3144395
A+P-,O2,delta,0.4153424,0.42986333,0.44852027,0.46523643
A+P-,O2,gamma,-0.06962116,-0.054648064,0.26093632,0.27878845
A+P-,O2,theta,0.18481936,0.17363082,0.27756986,0.28651893
A+P-,P3,alpha,-0.12879366,-0.13766499,0.31019005,0.32244608
A+P-,P3,beta,-0.08357662,-0.084912986,0.23879774,0.26573288
A+P-,P3,delta,0.0076785185,0.008700212,0.18168406,0.19005504
A+P-,P3,gamma,0.10973964,0.11699791,0.24308173,0.25437862
A+P-,P3,theta,-0.05198195,-0.06211203,0.30384165,0.2897925
A+P-,P4,alpha,-0.016764529,-0.016544063,0.26314053,0.26832604
A+P-,P4,beta,-0.3677145,-0.39002904,0.45045164,0.47055206
A+P-,P4,delta,0.012587227,0.008081899,0.20745158,0.21087487
A+P-,P4,gamma,0.12276237,0.11815466,0.23318787,0.2390581
A+P-,P4,theta,-0.09405889,-0.10572523,0.27605483,0.26706138
A+P-,Pz,alpha,-0.046675064,-0.04607457,0.26741573,0.27528274
A+P-,Pz,beta,-0.031291757,-0.038040478,0.23783436,0.23463538
A+P-,Pz,delta,-0.18591765,-0.19549108,0.28665775,0.30836698
A+P-,Pz,gamma,-0.005914002,-0.0044124695,0.20207997,0.20541054
A+P-,Pz,theta,-0.25327888,-0.26696086,0.33386862,0.34027138
N,C3,alpha,-0.017942375,-0.013257174,0.24192491,0.24910855
N,C3,beta,0.091878645,0.096368834,0.24505208,0.23843704
N,C3,delta,0.2350189,0.23470305,0.2883147,0.29968703
N,C3,gamma,-0.12396884,-0.1245647,0.2672164,0.27581948
N,C3,theta,0.13472615,0.12761365,0.1872198,0.17723487
N,C4,alpha,-0.07738542,-0.0736392,0.2632056,0.2726363
N,C4,beta,-0.074800186,-0.08002364,0.24151494,0.24443565
N,C4,delta,-0.048021547,-0.042505816,0.2294911,0.23381904
N,C4,gamma,-0.024871042,-0.02919506,0.31622696,0.30946586
N,C4,theta,0.08627363,0.08079538,0.22165543,0.21130005
N,Cz,alpha,0.13341945,0.1373449,0.32301506,0.32949504
N,Cz,beta,0.09472065,0.108360074,0.327808,0.3255551
N,Cz,delta,0.039961655,0.04191853,0.21435468,0.22339678
N,Cz,gamma,0.07976347,0.076460354,0.25098485,0.26082516
N,Cz,theta,-0.12192984,-0.124361224,0.22703677,0.22333695
N,F3,alpha,-0.10797912,-0.11148698,0.2720453,0.2800576
N,F3,beta,0.054776154,0.049907647,0.21081345,0.19888303
N,F3,delta,-0.10314747,-0.09787385,0.25614765,0.2680696
N,F3,gamma,-0.027342033,-0.029704925,0.19367868,0.1693542
N,F3,theta,0.04339301,0.04029623,0.20044051,0.19589171
N,F4,alpha,-0.08831371,-0.085147545,0.30219615,0.3022634
N,F4,beta,0.019247586,0.015669102,0.23461042,0.23462243
N,F4,delta,-0.096384116,-0.10493254,0.2133599,0.22408363
N,F4,gamma,0.065596096,0.007273364,0.2357368,0.17751937
N,F4,theta,0.048092928,0.046986464,0.22292389,0.23063909
N,F7,alpha,-0.1635356,-0.16487859,0.3838485,0.39374578
N,F7,beta,-0.37803435,-0.3733463,0.43900654,0.42704603
N,F7,delta,-0.027547905,-0.032716196,0.313428,0.32349992
N,F7,gamma,-0.21758787,-0.22250892,0.31236225,0.29976514
N,F7,theta,-0.34715402,-0.3550464,0.53319055,0.5403929
N,F8,alpha,0.04540377,0.051412817,0.25666454,0.26053518
N,F8,beta,-0.3085202,-0.3164857,0.40787122,0.389041
N,F8,delta,-0.16711727,-0.16339047,0.29000133,0.2947654
N,F8,gamma,0.013624188,-0.009434419,0.24238367,0.22397432
N,F8,theta,-0.09349925,-0.10374861,0.26219165,0.25164402
N,Fp1,alpha,-0.14974742,-0.15768231,0.3201745,0.33242148
N,Fp1,beta,-0.075258195,-0.055459928,0.2792125,0.2677249
N,Fp1,delta,0.17942224,0.18596037,0.2620509,0.27146682
N,Fp1,gamma,-0.16777284,-0.16558912,0.27928546,0.27911672
N,Fp1,theta,0.022812054,0.019917227,0.17870599,0.18345435
N,Fp2,alpha,-0.21863753,-0.24312346,0.34978163,0.37519976
N,Fp2,beta,0.049022373,0.05749422,0.32063523,0.3195025
N,Fp2,delta,0.14484835,0.14224131,0.24773654,0.25749317
N,Fp2,gamma,-0.12239987,-0.11890241,0.25349197,0.2397176
N,Fp2,theta,-0.100317165,-0.10075441,0.20439343,0.2106834
N,Fz,alpha,-0.085489154,-0.08262813,0.3041529,0.31351998
N,Fz,beta,-0.022374451,-0.03796358,0.299466,0.2868385
N,Fz,delta,-0.0937548,-0.094037175,0.22619946,0.22184397
N,Fz,gamma,-0.044926867,-0.01808855,0.24319395,0.22093193
N,Fz,theta,0.100340925,0.09005515,0.24745311,0.24132566
N,O1,alpha,-0.2418171,-0.24413702,0.39304247,0.40483904
N,O1,beta,-0.034453146,-0.045951966,0.26996398,0.2629364
N,O1,delta,0.14016677,0.14301544,0.22711544,0.24176715
N,O1,gamma,-0.35491154,-0.3814329,0.42995042,0.4465296
N,O1,theta,0.028635018,0.033685245,0.2144695,0.21338914
N,O2,alpha,-0.2845636,-0.29134187,0.39486572,0.4012723
N,O2,beta,-0.03696395,-0.04915807,0.3158467,0.3189711
N,O2,delta,0.46155947,0.4816908,0.49447966,0.5150709
N,O2,gamma,-0.06698624,-0.061037026,0.27139425,0.2655319
N,O2,theta,0.19944836,0.1989552,0.28556702,0.28959146
N,P3,alpha,-0.11992176,-0.12403286,0.31843147,0.31974858
N,P3,beta,-0.0700707,-0.07057835,0.2263154,0.23684178
N,P3,delta,0.0072311475,0.004301696,0.18915018,0.20059426
N,P3,gamma,0.11435025,0.11350075,0.24398796,0.25073746
N,P3,theta,-0.066326365,-0.06998788,0.28287375,0.2911881
N,P4,alpha,-0.0055619846,-0.0040448844,0.271597,0.28367263
N,P4,beta,-0.35934103,-0.405399,0.44356433,0.49084026
N,P4,delta,0.009815126,0.010027155,0.21793307,0.224573
N,P4,gamma,0.11691635,0.106023215,0.22774008,0.21850084
N,P4,theta,-0.08959983,-0.0972012,0.2653592,0.25499332
N,Pz,alpha,-0.042494413,-0.04152837,0.27679107,0.28281865
N,Pz,beta,-0.030908743,-0.040768962,0.22884192,0.23009002
N,Pz,delta,-0.18701491,-0.18109538,0.29023063,0.30613264
N,Pz,gamma,0.0005840389,0.014542811,0.20350759,0.19700925
N,Pz,theta,-0.24995261,-0.2548537,0.3195486,0.32688415
